"CT_ID_10","PropViol2010","PropViol2011","PropViol2012","PropViol2013","PropViol2014","PropViol2015","PropViol2016","PropViol2017","PropViol2018","PropViol2019","PropViol2020","CodeViol2010","CodeViol2011","CodeViol2012","CodeViol2013","CodeViol2014","CodeViol2015","CodeViol2016","CodeViol2017","CodeViol2018","CodeViol2019","CodeViol2020","TotPop","PropViol2010_rate","PropViol2011_rate","PropViol2012_rate","PropViol2013_rate","PropViol2014_rate","PropViol2015_rate","PropViol2016_rate","PropViol2017_rate","PropViol2018_rate","PropViol2019_rate","PropViol2020_rate","CodeViol2010_rate","CodeViol2011_rate","CodeViol2012_rate","CodeViol2013_rate","CodeViol2014_rate","CodeViol2015_rate","CodeViol2016_rate","CodeViol2017_rate","CodeViol2018_rate","CodeViol2019_rate","CodeViol2020_rate"
25025000100,15,10,0,16,25,50,16,11,5,3,1,242,151,177,207,334,473,461,356,369,309,491,5324,28.1743050338092,18.7828700225394,0,30.0525920360631,46.9571750563486,93.9143501126972,30.0525920360631,20.6611570247934,9.39143501126972,5.63486100676183,1.87828700225394,454.545454545455,283.621337340346,332.456799398948,388.805409466566,627.347858752817,888.429752066116,865.890308039068,668.670172802404,693.087903831705,580.390683696469,922.238918106687
25025000201,3,2,2,11,12,9,10,5,7,1,2,264,208,207,165,203,286,300,276,294,227,278,3991,7.51691305437234,5.01127536958156,5.01127536958156,27.5620145326986,30.0676522174893,22.550739163117,25.0563768479078,12.5281884239539,17.5394637935355,2.50563768479078,5.01127536958156,661.488348784766,521.172638436482,518.667000751691,413.430217990479,508.644450012528,716.612377850163,751.691305437234,691.556001002255,736.657479328489,568.779754447507,696.567276371837
25025000202,6,2,8,6,12,15,17,8,4,5,2,83,52,110,89,118,184,184,142,152,128,238,4272,14.0449438202247,4.68164794007491,18.7265917602996,14.0449438202247,28.0898876404494,35.1123595505618,39.7940074906367,18.7265917602996,9.36329588014981,11.7041198501873,4.68164794007491,194.288389513109,121.722846441948,257.49063670412,208.333333333333,276.217228464419,430.711610486891,430.711610486891,332.397003745318,355.805243445693,299.625468164794,557.116104868914
25025000301,0,0,8,4,10,7,1,7,2,5,2,111,95,57,87,65,207,203,141,154,95,214,2946,0,0,27.1554650373388,13.5777325186694,33.9443312966735,23.7610319076714,3.39443312966735,23.7610319076714,6.78886625933469,16.9721656483367,6.78886625933469,376.782077393075,322.471147318398,193.482688391039,295.315682281059,220.638153428377,702.647657841141,689.069925322471,478.615071283096,522.742701968771,322.471147318398,726.408689748812
25025000302,5,6,7,10,6,15,10,5,5,1,3,268,152,116,113,184,287,204,159,195,264,230,3469,14.4133756125685,17.2960507350822,20.1787258575959,28.8267512251369,17.2960507350822,43.2401268377054,28.8267512251369,14.4133756125685,14.4133756125685,2.88267512251369,8.64802536754108,772.55693283367,438.166618622081,334.390314211588,325.742288844047,530.412222542519,827.32776016143,588.065724992793,458.345344479677,562.12164889017,761.026232343615,663.015278178149
25025000401,11,3,4,7,21,31,7,3,9,2,3,167,143,206,162,311,320,379,348,339,286,429,5691,19.3287647162186,5.27148128624143,7.02864171498858,12.30012300123,36.90036900369,54.4719732911615,12.30012300123,5.27148128624143,15.8144438587243,3.51432085749429,5.27148128624143,293.445791600773,251.273941310842,361.975048321912,284.659989457037,546.476893340362,562.291337199086,665.963802495168,611.491829204006,595.677385345282,502.547882621683,753.821823932525
25025000402,8,5,10,8,14,12,3,5,5,4,2,230,244,178,261,382,426,463,438,504,403,431,3494,22.8963938179737,14.3102461362335,28.6204922724671,22.8963938179737,40.0686891814539,34.3445907269605,8.58614768174013,14.3102461362335,14.3102461362335,11.4481969089868,5.72409845449342,658.271322266743,698.340011448197,509.444762449914,746.994848311391,1093.30280480824,1219.2329708071,1325.12879221523,1253.57756153406,1442.47281053234,1153.40583858042,1233.54321694333
25025000502,5,4,5,1,1,22,3,2,4,2,2,140,95,125,83,134,158,123,130,128,186,168,5796,8.62663906142167,6.90131124913734,8.62663906142167,1.72532781228433,1.72532781228433,37.9572118702553,5.175983436853,3.45065562456867,6.90131124913734,3.45065562456867,3.45065562456867,241.545893719807,163.906142167012,215.665976535542,143.2022084196,231.193926846101,272.601794340925,212.215320910973,224.292615596963,220.841959972395,320.910973084886,289.855072463768
25025000503,1,0,8,0,1,10,2,2,2,1,0,47,65,93,74,168,160,129,95,122,179,166,2007,4.9825610363727,0,39.8604882909816,0,4.9825610363727,49.825610363727,9.96512207274539,9.96512207274539,9.96512207274539,4.9825610363727,0,234.180368709517,323.866467364225,463.378176382661,368.709516691579,837.070254110613,797.209765819631,642.750373692078,473.343298455406,607.872446437469,891.878425510712,827.105132037868
25025000504,6,2,8,7,11,22,1,1,1,0,1,149,193,187,183,312,421,472,343,425,359,359,4951,12.1187638860836,4.03958796202787,16.1583518481115,14.1385578670976,22.2177337911533,44.4354675823066,2.01979398101394,2.01979398101394,2.01979398101394,0,2.01979398101394,300.949303171077,389.82023833569,377.701474449606,369.62229852555,630.175722076348,850.333266006867,953.342759038578,692.78933548778,858.412441930923,725.106039184003,725.106039184003
25025000601,6,8,2,5,13,16,6,9,3,4,2,260,221,365,289,440,357,382,352,292,266,297,3996,15.015015015015,20.02002002002,5.00500500500501,12.5125125125125,32.5325325325325,40.04004004004,15.015015015015,22.5225225225225,7.50750750750751,10.01001001001,5.00500500500501,650.650650650651,553.053053053053,913.413413413413,723.223223223223,1101.1011011011,893.393393393393,955.955955955956,880.880880880881,730.730730730731,665.665665665666,743.243243243243
25025000602,13,3,4,10,12,32,9,0,1,1,0,312,300,214,161,244,208,281,173,278,159,313,3935,33.0368487928844,7.62388818297332,10.1651842439644,25.4129606099111,30.4955527318933,81.3214739517154,22.8716645489199,0,2.54129606099111,2.54129606099111,0,792.884371029225,762.388818297332,543.837357052097,409.148665819568,620.07623888183,528.58958068615,714.104193138501,439.644218551461,706.480304955527,404.066073697586,795.425667090216
25025000701,2,1,1,2,14,9,1,1,0,1,1,337,231,226,205,235,355,330,228,323,227,336,4797,4.16927246195539,2.08463623097769,2.08463623097769,4.16927246195539,29.1849072336877,18.7617260787992,2.08463623097769,2.08463623097769,0,2.08463623097769,2.08463623097769,702.522409839483,481.550969355847,471.127788200959,427.350427350427,489.889514279758,740.045861997081,687.929956222639,475.297060662914,673.337502605795,473.212424431937,700.437773608505
25025000703,1,0,13,6,7,27,8,3,1,1,2,444,245,212,188,290,325,353,279,195,323,389,1963,5.09424350483953,0,66.2251655629139,30.5654610290372,35.6597045338767,137.544574630667,40.7539480387163,15.2827305145186,5.09424350483953,5.09424350483953,10.1884870096791,2261.84411614875,1248.08965868569,1079.97962302598,957.717778909832,1477.33061640346,1655.62913907285,1798.26795720835,1421.29393785023,993.377483443709,1645.44065206317,1981.66072338258
25025000704,3,1,5,8,10,37,22,2,4,5,1,503,401,359,284,550,518,374,328,316,375,459,4906,6.11496127191194,2.03832042397065,10.1916021198532,16.3065633917652,20.3832042397065,75.417855686914,44.8430493273543,4.0766408479413,8.15328169588259,10.1916021198532,2.03832042397065,1025.27517325724,817.36649001223,731.757032205463,578.883000407664,1121.07623318386,1055.8499796168,762.331838565022,668.569099062373,644.109253974725,764.370158988993,935.589074602527
25025000802,42,11,51,38,48,166,12,18,6,4,2,1489,1070,1110,1256,1593,1108,1460,1434,1386,948,1334,6658,63.0820066085912,16.5214779212977,76.5995794532893,57.074196455392,72.0937218383899,249.324121357765,18.0234304595975,27.0351456893962,9.01171522979874,6.00781015319916,3.00390507659958,2236.40732952839,1607.08921598078,1667.16731751277,1886.45238810454,2392.61039351157,1664.16341243617,2192.85070591769,2153.7999399219,2081.70621808351,1423.8510063082,2003.60468609192
25025000803,0,0,0,0,1,0,0,0,0,0,0,2,0,2,2,19,30,12,2,1,3,9,6100,0,0,0,0,1.63934426229508,0,0,0,0,0,0,3.27868852459016,0,3.27868852459016,3.27868852459016,31.1475409836066,49.1803278688525,19.672131147541,3.27868852459016,1.63934426229508,4.91803278688525,14.7540983606557
25025010103,0,0,0,1,1,0,1,0,0,3,0,2,14,4,4,12,10,42,85,17,27,16,3677,0,0,0,2.7196083763938,2.7196083763938,0,2.7196083763938,0,0,8.1588251291814,0,5.4392167527876,38.0745172695132,10.8784335055752,10.8784335055752,32.6353005167256,27.196083763938,114.22355180854,231.166711993473,46.2333423986946,73.4294261626326,43.5137340223008
25025010104,0,0,6,7,0,7,7,2,3,4,1,252,216,205,133,317,493,576,509,499,407,291,4957,0,0,12.1040952188824,14.1214444220295,0,14.1214444220295,14.1214444220295,4.03469840629413,6.05204760944119,8.06939681258826,2.01734920314706,508.37199919306,435.747427879766,413.556586645148,268.30744401856,639.49969739762,994.553157151503,1161.99314101271,1026.83074440186,1006.65725237039,821.061125680855,587.048618115796
25025010203,3,2,3,2,10,47,1,0,0,0,1,88,68,72,234,195,193,191,170,281,249,209,5377,5.57931932304259,3.71954621536173,5.57931932304259,3.71954621536173,18.5977310768086,87.4093360610006,1.85977310768086,0,0,0,1.85977310768086,163.660033475916,126.464571322299,133.903663753022,435.186907197322,362.655755997768,358.936209782407,355.216663567045,316.161428305747,522.596243258322,463.083503812535,388.6925795053
25025010204,8,2,1,1,11,8,2,0,0,2,0,71,66,89,67,103,177,195,148,155,267,168,3592,22.271714922049,5.56792873051225,2.78396436525612,2.78396436525612,30.6236080178174,22.271714922049,5.56792873051225,0,0,5.56792873051225,0,197.661469933185,183.741648106904,247.772828507795,186.52561247216,286.748329621381,492.761692650334,542.873051224944,412.026726057906,431.514476614699,743.318485523385,467.706013363029
25025010300,0,0,1,1,3,8,0,0,1,1,0,4,4,0,4,1,8,4,9,11,1,1,5500,0,0,1.81818181818182,1.81818181818182,5.45454545454546,14.5454545454545,0,0,1.81818181818182,1.81818181818182,0,7.27272727272727,7.27272727272727,0,7.27272727272727,1.81818181818182,14.5454545454545,7.27272727272727,16.3636363636364,20,1.81818181818182,1.81818181818182
25025010403,2,4,2,0,1,7,1,3,1,0,1,47,16,64,91,90,112,164,154,105,212,152,2855,7.00525394045534,14.0105078809107,7.00525394045534,0,3.50262697022767,24.5183887915937,3.50262697022767,10.507880910683,3.50262697022767,0,3.50262697022767,164.623467600701,56.0420315236427,224.168126094571,318.739054290718,315.23642732049,392.294220665499,574.430823117338,539.404553415061,367.775831873905,742.556917688266,532.399299474606
25025010404,1,8,1,4,5,23,7,2,2,5,0,282,303,411,227,277,488,369,338,489,628,332,5223,1.9146084625694,15.3168677005552,1.9146084625694,7.65843385027762,9.57304231284702,44.0359946390963,13.4022592379858,3.82921692513881,3.82921692513881,9.57304231284702,0,539.919586444572,580.12636415853,786.904078116025,434.616121003255,530.346544131725,934.328929733869,706.49052268811,647.137660348459,936.243538196439,1202.37411449359,635.650009573042
25025010405,1,4,6,4,13,10,1,0,0,7,0,98,48,65,74,62,88,109,95,134,218,89,6038,1.65617754223253,6.62471016893011,9.93706525339516,6.62471016893011,21.5303080490229,16.5617754223253,1.65617754223253,0,0,11.5932427956277,0,162.305399138788,79.4965220271613,107.651540245114,122.557138125207,102.683007618417,145.743623716462,180.523352103345,157.33686651209,221.927790659159,361.046704206691,147.399801258695
25025010408,0,0,0,0,1,0,2,0,0,0,0,30,52,39,49,86,82,68,46,128,110,104,1392,0,0,0,0,7.18390804597701,0,14.367816091954,0,0,0,0,215.51724137931,373.563218390805,280.172413793103,352.011494252874,617.816091954023,589.080459770115,488.505747126437,330.459770114943,919.540229885057,790.229885057471,747.126436781609
25025010500,2,0,2,1,4,5,6,1,3,0,0,74,91,99,59,65,89,132,157,349,260,248,3522,5.6785917092561,0,5.6785917092561,2.83929585462805,11.3571834185122,14.1964792731403,17.0357751277683,2.83929585462805,8.51788756388416,0,0,210.107893242476,258.375922771153,281.090289608177,167.518455423055,184.554230550823,252.697331061897,374.787052810903,445.769449176604,990.91425326519,738.216922203294,704.145371947757
25025010600,2,0,1,0,9,3,7,3,1,3,1,60,47,84,48,59,154,89,82,95,71,100,3145,6.35930047694754,0,3.17965023847377,0,28.6168521462639,9.5389507154213,22.2575516693164,9.5389507154213,3.17965023847377,9.5389507154213,3.17965023847377,190.779014308426,149.443561208267,267.090620031797,152.623211446741,187.599364069952,489.66613672496,282.988871224165,260.731319554849,302.066772655008,225.755166931638,317.965023847377
25025010701,1,11,2,14,5,22,10,0,3,9,4,684,297,567,677,747,501,615,594,593,850,614,2568,3.89408099688473,42.8348909657321,7.78816199376947,54.5171339563863,19.4704049844237,85.6697819314642,38.9408099688474,0,11.6822429906542,35.0467289719626,15.5763239875389,2663.55140186916,1156.54205607477,2207.94392523365,2636.29283489097,2908.8785046729,1950.93457943925,2394.85981308411,2313.08411214953,2309.19003115265,3309.96884735203,2390.96573208723
25025010702,11,5,10,11,6,35,13,7,10,12,9,432,289,517,723,822,565,855,660,876,959,497,2610,42.1455938697318,19.1570881226054,38.3141762452107,42.1455938697318,22.9885057471264,134.099616858238,49.808429118774,26.8199233716475,38.3141762452107,45.9770114942529,34.4827586206897,1655.1724137931,1107.27969348659,1980.84291187739,2770.11494252874,3149.42528735632,2164.75095785441,3275.86206896552,2528.73563218391,3356.32183908046,3674.32950191571,1904.21455938697
25025010801,2,1,1,4,8,18,15,8,8,8,7,249,304,425,258,631,222,262,251,426,383,270,2951,6.77736360555744,3.38868180277872,3.38868180277872,13.5547272111149,27.1094544222298,60.9962724500169,50.8302270416808,27.1094544222298,27.1094544222298,27.1094544222298,23.720772619451,843.781768891901,1030.15926804473,1440.18976618096,874.27990511691,2138.25821755337,752.287360216876,887.834632328024,850.559132497458,1443.57844798373,1297.86513046425,914.944086750254
25025010802,3,1,2,10,6,21,6,11,5,5,6,362,321,510,362,703,504,582,461,726,691,538,3106,9.65872504829363,3.21957501609787,6.43915003219575,32.1957501609787,19.3174500965873,67.6110753380554,19.3174500965873,35.4153251770766,16.0978750804894,16.0978750804894,19.3174500965873,1165.48615582743,1033.48358016742,1641.98325820992,1165.48615582743,2263.36123631681,1622.66580811333,1873.79265936896,1484.22408242112,2337.41146168706,2224.72633612363,1732.13135866066
25025020101,25,6,6,13,22,44,21,10,14,27,14,677,486,504,787,1220,904,661,740,871,670,393,4751,52.620500947169,12.6289202273206,12.6289202273206,27.3626604925279,46.3060408335087,92.6120816670175,44.201220795622,21.0482003788676,29.4674805304146,56.8301410229425,29.4674805304146,1424.96316564934,1022.94253841297,1060.82929909493,1656.49336981688,2567.88044622185,1902.75731424963,1391.28604504315,1557.5668280362,1833.29825299937,1410.22942538413,827.194274889497
25025020200,12,6,12,21,18,47,13,12,4,8,30,1370,1094,1331,2436,2876,2154,1501,1562,1607,1371,860,3691,32.5115144947169,16.2557572473584,32.5115144947169,56.8951503657545,48.7672717420753,127.336765104308,35.2208073692766,32.5115144947169,10.837171498239,21.6743429964779,81.2787862367922,3711.73123814684,2963.96640476836,3606.06881603901,6599.83744242753,7791.92630723381,5835.81685180168,4066.64860471417,4231.91547006231,4353.8336494175,3714.4405310214,2329.99187212138
25025020301,0,0,2,1,0,2,0,0,0,1,0,6,8,0,0,3,10,3,2,13,2,3,2160,0,0,9.25925925925926,4.62962962962963,0,9.25925925925926,0,0,0,4.62962962962963,0,27.7777777777778,37.037037037037,0,0,13.8888888888889,46.2962962962963,13.8888888888889,9.25925925925926,60.1851851851852,9.25925925925926,13.8888888888889
25025020302,0,1,15,4,1,17,10,9,0,6,5,298,211,177,379,722,448,336,330,411,365,196,980,0,10.2040816326531,153.061224489796,40.8163265306123,10.2040816326531,173.469387755102,102.040816326531,91.8367346938776,0,61.2244897959184,51.0204081632653,3040.81632653061,2153.0612244898,1806.12244897959,3867.34693877551,7367.34693877551,4571.42857142857,3428.57142857143,3367.34693877551,4193.87755102041,3724.48979591837,2000
25025020303,7,5,8,9,4,11,5,8,1,7,3,77,15,12,24,27,24,34,49,43,32,27,4311,16.2375318951519,11.5982370679657,18.5571793087451,20.8768267223382,9.27858965437254,25.5161215495245,11.5982370679657,18.5571793087451,2.31964741359313,16.2375318951519,6.9589422407794,178.612850846671,34.794711203897,27.8357689631176,55.6715379262352,62.6304801670146,55.6715379262352,78.8680120621666,113.662723266064,99.7448387845048,74.2287172349803,62.6304801670146
25025030100,1,4,5,8,17,22,27,13,4,16,3,390,243,384,378,670,678,524,629,472,973,413,2334,4.28449014567266,17.1379605826907,21.4224507283633,34.2759211653813,72.8363324764353,94.2587832047986,115.681233933162,55.6983718937446,17.1379605826907,68.5518423307626,12.853470437018,1670.95115681234,1041.13110539846,1645.2442159383,1619.53727506427,2870.60839760069,2904.88431876607,2245.07283633248,2694.94430162811,2022.2793487575,4168.8089117395,1769.49443016281
25025030200,4,4,9,14,22,25,5,3,1,4,1,327,224,482,462,685,495,429,515,468,724,408,1814,22.0507166482911,22.0507166482911,49.6141124586549,77.1775082690187,121.278941565601,137.816979051819,27.5633958103638,16.5380374862183,5.51267916207277,22.0507166482911,5.51267916207277,1802.64608599779,1234.8401323043,2657.11135611907,2546.85777287762,3776.18522601985,2728.77618522602,2364.93936052922,2839.02976846748,2579.93384785005,3991.17971334068,2249.17309812569
25025030300,5,8,6,12,10,21,4,9,3,16,4,120,97,112,165,244,144,171,151,204,313,238,5555,9.000900090009,14.4014401440144,10.8010801080108,21.6021602160216,18.001800180018,37.8037803780378,7.2007200720072,16.2016201620162,5.4005400540054,28.8028802880288,7.2007200720072,216.021602160216,174.617461746175,201.620162016202,297.029702970297,439.243924392439,259.225922592259,307.830783078308,271.827182718272,367.236723672367,563.456345634563,428.442844284428
25025030400,5,6,14,31,24,26,11,7,11,15,10,323,198,297,344,691,507,611,577,798,963,497,2715,18.4162062615101,22.0994475138122,51.5653775322284,114.180478821363,88.3977900552486,95.7642725598527,40.5156537753223,25.7826887661142,40.5156537753223,55.2486187845304,36.8324125230203,1189.68692449355,729.281767955801,1093.9226519337,1267.0349907919,2545.1197053407,1867.40331491713,2250.46040515654,2125.23020257827,2939.22651933702,3546.96132596685,1830.57090239411
25025030500,3,0,6,6,11,10,2,17,2,8,11,253,237,254,244,388,371,370,406,558,568,336,2488,12.0578778135048,0,24.1157556270096,24.1157556270096,44.2122186495177,40.1929260450161,8.03858520900322,68.3279742765273,8.03858520900322,32.1543408360129,44.2122186495177,1016.88102893891,952.572347266881,1020.90032154341,980.707395498392,1559.48553054662,1491.1575562701,1487.13826366559,1631.83279742765,2242.7652733119,2282.95819935691,1350.48231511254
25025040100,2,1,3,5,8,19,11,4,7,2,4,11,10,39,25,29,27,173,136,42,172,240,2463,8.12017864393017,4.06008932196508,12.1802679658952,20.3004466098254,32.4807145757207,77.1416971173366,44.6609825416159,16.2403572878603,28.4206252537556,8.12017864393017,16.2403572878603,44.6609825416159,40.6008932196508,158.343483556638,101.502233049127,117.742590336987,109.622411693057,702.395452699959,552.172147787251,170.523751522534,698.335363377994,974.42143727162
25025040200,2,0,11,3,2,2,7,4,0,1,1,9,6,38,8,10,20,80,66,51,78,115,2042,9.79431929480901,0,53.8687561214496,14.6914789422135,9.79431929480901,9.79431929480901,34.2801175318315,19.588638589618,0,4.89715964740451,4.89715964740451,44.0744368266406,29.382957884427,186.092066601371,39.177277179236,48.9715964740451,97.9431929480901,391.77277179236,323.212536728697,249.75514201763,381.978452497551,563.173359451518
25025040300,16,7,13,18,21,13,17,18,3,3,7,73,40,99,100,98,167,353,367,236,327,488,4513,35.4531353866608,15.5107467316641,28.8056725016619,39.8847773099934,46.5322401949922,28.8056725016619,37.6689563483271,39.8847773099934,6.64746288499889,6.64746288499889,15.5107467316641,161.75493020164,88.6328384666519,219.366275204963,221.58209616663,217.150454243297,370.042100598272,782.184799468203,813.206292931531,522.933746953246,724.573454464879,1081.32062929315
25025040401,2,2,5,2,3,14,1,8,1,3,1,22,20,51,29,41,50,187,209,111,160,196,2953,6.77277345072807,6.77277345072807,16.9319336268202,6.77277345072807,10.1591601760921,47.4094141550965,3.38638672536404,27.0910938029123,3.38638672536404,10.1591601760921,3.38638672536404,74.5005079580088,67.7277345072807,172.705722993566,98.2052150355571,138.841855739926,169.319336268202,633.254317643075,707.754825601084,375.888926515408,541.821876058246,663.731798171351
25025040600,2,1,5,8,8,14,8,7,2,12,4,64,66,70,105,78,172,228,300,249,352,424,3063,6.52954619653934,3.26477309826967,16.3238654913484,26.1181847861574,26.1181847861574,45.7068233757754,26.1181847861574,22.8534116878877,6.52954619653934,39.177277179236,13.0590923930787,208.945478289259,215.475024485798,228.534116878877,342.801175318315,254.652301665034,561.540972902383,744.368266405485,979.431929480901,812.928501469148,1149.20013059092,1384.26379366634
25025040801,1,0,1,1,0,15,3,0,2,1,0,19,2,1,3,5,5,12,12,14,33,27,4380,2.28310502283105,0,2.28310502283105,2.28310502283105,0,34.2465753424658,6.84931506849315,0,4.5662100456621,2.28310502283105,0,43.37899543379,4.5662100456621,2.28310502283105,6.84931506849315,11.4155251141553,11.4155251141553,27.3972602739726,27.3972602739726,31.9634703196347,75.3424657534247,61.6438356164384
25025050101,26,16,22,23,58,24,22,9,10,6,6,308,278,321,221,764,653,243,219,250,163,195,5564,46.7289719626168,28.7562904385334,39.5398993529835,41.3371675053918,104.241552839684,43.1344356578001,39.5398993529835,16.1754133716751,17.9726815240834,10.78360891445,10.78360891445,553.558590941769,499.640546369518,576.923076923077,397.196261682243,1373.11286843997,1173.61610352265,436.736161035226,393.601725377426,449.317038102085,292.954708842559,350.467289719626
25025050200,32,23,31,26,54,52,32,4,8,11,5,340,225,356,300,1197,812,396,248,225,293,269,5663,56.5071516863853,40.6145152745894,54.7413031961858,45.9120607451881,95.3558184707752,91.8241214903761,56.5071516863853,7.06339396079816,14.1267879215963,19.4243333921949,8.8292424509977,600.388486667844,397.315910294897,628.642062511037,529.754547059862,2113.72064276885,1433.86897404203,699.276002119018,437.930425569486,397.315910294897,517.393607628465,475.013243863677
25025050300,7,1,9,10,4,2,1,4,3,1,3,143,56,89,106,117,179,147,99,46,163,112,2490,28.1124497991968,4.01606425702811,36.144578313253,40.1606425702811,16.0642570281125,8.03212851405623,4.01606425702811,16.0642570281125,12.0481927710843,4.01606425702811,12.0481927710843,574.29718875502,224.899598393574,357.429718875502,425.70281124498,469.879518072289,718.875502008032,590.361445783132,397.590361445783,184.738955823293,654.618473895582,449.799196787149
25025050400,17,9,13,21,19,25,19,6,10,11,3,219,136,125,182,481,391,277,110,153,151,131,2472,68.7702265372168,36.4077669902913,52.588996763754,84.9514563106796,76.8608414239482,101.132686084142,76.8608414239482,24.2718446601942,40.453074433657,44.4983818770227,12.1359223300971,885.922330097087,550.161812297735,505.663430420712,736.245954692557,1945.7928802589,1581.71521035599,1120.5501618123,444.983818770227,618.932038834951,610.84142394822,529.935275080906
25025050500,13,10,1,4,3,16,4,2,9,6,2,143,59,58,58,258,231,200,120,138,135,152,2351,55.2956188855806,42.5350914504466,4.25350914504466,17.0140365801786,12.760527435134,68.0561463207146,17.0140365801786,8.50701829008932,38.281582305402,25.521054870268,8.50701829008932,608.251807741387,250.957039557635,246.70353041259,246.70353041259,1097.40535942152,982.560612505317,850.701829008932,510.421097405359,586.984262016163,574.223734581029,646.533390046789
25025050600,32,29,16,17,21,57,26,3,0,3,3,215,135,188,142,391,364,196,185,129,128,177,2481,128.980249899234,116.888351471181,64.4901249496171,68.5207577589682,84.6432889963724,229.746070133011,104.796453043128,12.0918984280532,0,12.0918984280532,12.0918984280532,866.58605401048,544.135429262394,757.758968158001,572.349858927852,1575.97742845627,1467.15034260379,790.004030632809,745.667069729948,519.951632406288,515.920999596937,713.422007255139
25025050700,27,31,26,17,34,32,15,8,14,8,8,294,197,247,199,963,718,475,288,228,180,225,5608,48.1455064194009,55.2781740370899,46.3623395149786,30.3138373751783,60.6276747503566,57.0613409415121,26.7475035663338,14.265335235378,24.9643366619116,14.265335235378,14.265335235378,524.251069900143,351.283880171184,440.442225392297,354.850213980029,1717.18972895863,1280.31383737518,847.004279600571,513.552068473609,406.562054208274,320.970042796006,401.212553495007
25025050901,11,9,20,16,17,39,12,11,2,12,6,297,258,310,304,813,589,364,255,253,193,199,4612,23.8508239375542,19.5143104943625,43.3651344319167,34.6921075455334,36.8603642671292,84.5620121422376,26.01908065915,23.8508239375542,4.33651344319167,26.01908065915,13.009540329575,643.972246313964,559.410234171726,672.159583694709,659.150043365134,1762.79271465742,1277.10320901995,789.245446660885,552.905464006938,548.568950563747,418.473547267997,431.483087597572
25025051000,13,8,10,16,3,11,13,1,5,16,9,65,105,66,64,78,160,196,131,166,154,208,4871,26.6885649763909,16.4237322931636,20.5296653664545,32.8474645863272,6.15889960993636,22.5826319031,26.6885649763909,2.05296653664545,10.2648326832273,32.8474645863272,18.4766988298091,133.442824881954,215.561486347773,135.4957914186,131.389858345309,160.131389858345,328.474645863272,402.381441182509,268.938616300554,340.792445083145,316.1568466434,427.017039622254
25025051101,32,11,15,18,29,23,12,7,7,3,10,89,105,140,123,166,273,293,306,338,272,392,7524,42.5305688463583,14.6198830409357,19.9362041467305,23.9234449760766,38.5433280170122,30.56884635832,15.9489633173844,9.30356193514088,9.30356193514088,3.98724082934609,13.290802764487,118.288144603934,139.553429027113,186.071238702818,163.47687400319,220.627325890484,362.838915470494,389.420520999468,406.698564593301,449.22913343966,361.509835194046,520.999468367889
25025051200,14,16,20,12,25,40,11,5,7,5,3,310,188,131,140,457,296,353,148,233,210,205,2891,48.4261501210654,55.3441715669319,69.1802144586648,41.5081286751989,86.475268073331,138.36042891733,38.0491179522657,17.2950536146662,24.2130750605327,17.2950536146662,10.3770321687997,1072.2933241093,650.294015911449,453.130404704255,484.261501210654,1580.76790038049,1023.86717398824,1221.03078519543,511.93358699412,805.949498443445,726.392251815981,709.097198201314
25025060101,3,4,8,10,21,9,12,7,7,5,2,84,140,102,125,112,292,211,317,352,186,300,3497,8.57878181298256,11.4383757506434,22.8767515012868,28.5959393766085,60.0514726908779,25.7363454389477,34.3151272519302,20.017157563626,20.017157563626,14.2979696883043,5.7191878753217,240.205890763512,400.343151272519,291.678581641407,357.449242207607,320.274521018015,835.001429796969,603.37432084644,906.49127823849,1006.57706605662,531.884472404918,857.878181298256
25025060200,2,3,5,1,18,4,18,7,3,5,4,54,65,64,101,77,87,136,160,180,138,208,2295,8.71459694989107,13.0718954248366,21.7864923747277,4.35729847494553,78.4313725490196,17.4291938997821,78.4313725490196,30.5010893246187,13.0718954248366,21.7864923747277,17.4291938997821,235.294117647059,283.22440087146,278.867102396514,440.087145969499,335.511982570806,379.084967320261,592.592592592593,697.167755991286,784.313725490196,601.307189542484,906.318082788671
25025060301,0,3,6,4,13,10,2,13,6,4,7,105,134,82,112,198,208,276,234,235,222,316,3655,0,8.20793433652531,16.4158686730506,10.9439124487004,35.5677154582763,27.359781121751,5.4719562243502,35.5677154582763,16.4158686730506,10.9439124487004,19.1518467852257,287.277701778386,366.621067031464,224.350205198358,306.429548563611,541.72366621067,569.083447332421,755.129958960328,640.218878248974,642.954856361149,607.387140902873,864.569083447332
25025060400,15,8,11,13,33,32,23,6,5,10,14,117,182,176,282,468,481,677,506,622,387,479,5651,26.5439745177845,14.156786409485,19.4655813130419,23.0047779154132,58.3967439391258,56.6271456379402,40.7007609272695,10.6175898071138,8.84799150592815,17.6959830118563,24.7743762165988,207.043001238719,322.066890815785,311.449301008671,499.026720934348,828.172004954875,851.176782870288,1198.01804990267,895.416740399929,1100.69014333746,684.834542558839,847.637586267917
25025060501,13,3,10,5,22,14,9,9,11,3,6,285,178,218,317,371,466,379,470,425,381,545,4071,31.9331859493982,7.36919675755343,24.5639891918448,12.2819945959224,54.0407762220585,34.3895848685827,22.1075902726603,22.1075902726603,27.0203881110292,7.36919675755343,14.7383935151069,700.073691967576,437.239007614837,535.494964382216,778.678457381479,911.32399901744,1144.68189633997,930.975190370916,1154.5074920167,1043.9695406534,935.887988209285,1338.73741095554
25025060600,0,0,6,8,14,17,2,3,5,8,0,146,100,180,205,221,207,120,327,199,183,195,3621,0,0,16.5700082850041,22.0933443800055,38.6633526650097,46.9483568075117,5.52333609500138,8.28500414250207,13.8083402375035,22.0933443800055,0,403.203534935101,276.166804750069,497.100248550124,566.141949737642,610.328638497653,571.665285832643,331.400165700083,903.065451532726,549.571941452637,505.385252692626,538.525269262635
25025060700,0,0,0,0,6,5,7,0,0,0,0,0,0,0,0,0,0,5,13,17,11,10,2615,0,0,0,0,22.9445506692161,19.1204588910134,26.7686424474187,0,0,0,0,0,0,0,0,0,0,19.1204588910134,49.7131931166348,65.0095602294455,42.0650095602294,38.2409177820268
25025060800,13,5,7,7,16,28,19,11,8,3,4,485,226,326,322,438,524,560,564,621,628,827,4317,30.1135047486681,11.5821172110262,16.2149640954366,16.2149640954366,37.0627750752838,64.8598563817466,44.0120454018995,25.4806578642576,18.5313875376419,6.94927032661571,9.26569376882094,1123.46536946954,523.511697938383,755.154042158907,745.888348390086,1014.59346768589,1213.80588371554,1297.19712763493,1306.46282140375,1438.49895760945,1454.71392170489,1915.68218670373
25025061000,1,0,1,2,16,53,55,5,3,2,0,123,96,74,48,44,101,108,137,112,36,119,3227,3.09885342423303,0,3.09885342423303,6.19770684846607,49.5816547877285,164.239231484351,170.436938332817,15.4942671211652,9.2965602726991,6.19770684846607,0,381.158971180663,297.489928726371,229.315153393244,148.744964363186,136.349550666253,312.984195847536,334.676169817168,424.542919119926,347.0715835141,111.558723272389,368.763557483731
25025061101,0,0,0,1,13,37,22,0,2,0,0,35,45,32,19,10,0,11,11,14,11,31,2300,0,0,0,4.34782608695652,56.5217391304348,160.869565217391,95.6521739130435,0,8.69565217391304,0,0,152.173913043478,195.652173913043,139.130434782609,82.6086956521739,43.4782608695652,0,47.8260869565217,47.8260869565217,60.8695652173913,47.8260869565217,134.782608695652
25025061200,5,7,11,8,15,27,9,7,5,3,4,271,224,253,205,197,310,280,531,632,466,508,4356,11.4784205693297,16.0697887970615,25.2525252525253,18.3654729109275,34.435261707989,61.9834710743802,20.6611570247934,16.0697887970615,11.4784205693297,6.8870523415978,9.18273645546373,622.130394857668,514.233241505969,580.808080808081,470.615243342516,452.249770431589,711.662075298439,642.791551882461,1219.00826446281,1450.87235996327,1069.78879706152,1166.20752984389
25025070101,13,10,31,48,28,26,24,15,7,9,5,165,115,204,135,385,443,314,190,336,542,457,7075,18.3745583038869,14.1342756183746,43.8162544169611,67.8445229681979,39.5759717314488,36.7491166077738,33.9222614840989,21.2014134275618,9.89399293286219,12.7208480565371,7.06713780918728,233.21554770318,162.544169611307,288.339222614841,190.812720848057,544.16961130742,626.148409893993,443.816254416961,268.551236749117,474.911660777385,766.077738515901,645.936395759717
25025070200,14,0,13,19,13,10,6,2,7,7,1,178,33,138,72,386,156,155,82,153,302,221,5622,24.9021700462469,0,23.1234436143721,33.7958022056208,23.1234436143721,17.7872643187478,10.6723585912487,3.55745286374956,12.4510850231234,12.4510850231234,1.77872643187478,316.61330487371,58.6979722518677,245.464247598719,128.068303094984,686.588402703664,277.481323372465,275.702596940591,145.855567413732,272.145144076841,537.175382426183,393.098541444326
25025070300,3,2,11,2,7,14,18,8,5,19,12,241,200,416,332,1088,657,533,481,494,593,355,4461,6.72494956287828,4.48329970858552,24.6581483972204,4.48329970858552,15.6915489800493,31.3830979600986,40.3496973772697,17.9331988343421,11.2082492714638,42.5913472315624,26.8997982515131,540.237614884555,448.329970858552,932.526339385788,744.227751625196,2438.91504147052,1472.76395427034,1194.79937233804,1078.23357991482,1107.37502802062,1329.29836359561,795.78569827393
25025070402,0,0,0,0,0,11,1,1,0,0,0,25,11,7,10,20,84,27,27,21,19,26,2398,0,0,0,0,0,45.8715596330275,4.17014178482068,4.17014178482068,0,0,0,104.253544620517,45.8715596330275,29.1909924937448,41.7014178482068,83.4028356964137,350.291909924937,112.593828190158,112.593828190158,87.5729774812344,79.232693911593,108.423686405338
25025070500,12,3,10,12,6,25,15,6,4,12,6,534,225,772,799,1221,826,836,832,766,769,456,5781,20.7576543850545,5.18941359626362,17.2980453208787,20.7576543850545,10.3788271925272,43.2451133021969,25.9470679813181,10.3788271925272,6.9192181283515,20.7576543850545,10.3788271925272,923.715620134925,389.206019719772,1335.40909877184,1382.11382113821,2112.09133367929,1428.81854350458,1446.11658882546,1439.19737069711,1325.03027157931,1330.21968517558,788.790866632071
25025070600,5,11,4,3,11,17,8,8,11,6,1,375,175,332,359,390,397,316,297,379,368,214,2559,19.5388823759281,42.9855412270418,15.6311059007425,11.7233294255569,42.9855412270418,66.4322000781555,31.262211801485,31.262211801485,42.9855412270418,23.4466588511137,3.90777647518562,1465.41617819461,683.860883157483,1297.38178976163,1402.89175459164,1524.03282532239,1551.38726064869,1234.85736615866,1160.60961313013,1481.04728409535,1438.06174286831,836.264165689723
25025070700,4,0,1,1,2,6,4,0,1,1,2,43,42,127,123,286,233,239,131,206,301,188,2738,14.609203798393,0,3.65230094959825,3.65230094959825,7.30460189919649,21.9138056975895,14.609203798393,0,3.65230094959825,3.65230094959825,7.30460189919649,157.048940832725,153.396639883126,463.842220598977,449.233016800584,1044.5580715851,850.986121256392,872.899926953981,478.45142439737,752.373995617239,1099.34258582907,686.63257852447
25025070800,8,5,6,3,9,15,6,8,9,4,1,554,258,468,442,862,702,689,605,677,860,571,3577,22.3651104277327,13.978194017333,16.7738328207996,8.38691641039978,25.1607492311993,41.9345820519989,16.7738328207996,22.3651104277327,25.1607492311993,11.1825552138664,2.79563880346659,1548.78389712049,721.274811294381,1308.35896002237,1235.67235113223,2409.8406485882,1962.53844003355,1926.19513558848,1691.36147609729,1892.64746994688,2404.24937098127,1596.30975677942
25025070900,9,0,2,1,11,19,9,6,1,2,8,436,425,521,765,550,629,421,513,561,539,488,2809,32.0398718405126,0,7.11997152011392,3.55998576005696,39.1598433606266,67.6397294410822,32.0398718405126,21.3599145603418,3.55998576005696,7.11997152011392,28.4798860804557,1552.15379138483,1512.99394802421,1854.75258098968,2723.38910644357,1957.99216803133,2239.23104307583,1498.75400498398,1826.27269490922,1997.15201139195,1918.8323246707,1737.2730509078
25025071101,13,7,10,10,18,17,20,3,7,9,7,264,167,397,434,409,480,316,560,639,773,567,4290,30.3030303030303,16.3170163170163,23.3100233100233,23.3100233100233,41.958041958042,39.6270396270396,46.6200466200466,6.99300699300699,16.3170163170163,20.979020979021,16.3170163170163,615.384615384615,389.277389277389,925.407925407926,1011.65501165501,953.379953379953,1118.88111888112,736.596736596737,1305.36130536131,1489.51048951049,1801.8648018648,1321.67832167832
25025071201,2,1,1,5,0,12,1,2,4,0,3,17,9,45,84,74,31,35,57,41,43,43,3734,5.35618639528656,2.67809319764328,2.67809319764328,13.3904659882164,0,32.1371183717193,2.67809319764328,5.35618639528656,10.7123727905731,0,8.03427959292983,45.5275843599357,24.1028387787895,120.514193893948,224.959828602035,198.178896625603,83.0208891269416,93.7332619175147,152.651312265667,109.801821103374,115.158007498661,115.158007498661
25025080100,15,17,19,18,26,41,16,21,14,14,14,416,152,82,193,372,472,553,379,397,264,487,2690,55.7620817843866,63.1970260223048,70.6319702602231,66.9144981412639,96.6542750929368,152.416356877323,59.4795539033457,78.0669144981413,52.0446096654275,52.0446096654275,52.0446096654275,1546.46840148699,565.055762081784,304.832713754647,717.472118959108,1382.89962825279,1754.6468401487,2055.76208178439,1408.9219330855,1475.83643122677,981.412639405204,1810.40892193309
25025080300,6,9,5,20,12,46,26,2,8,15,7,152,111,71,76,134,320,341,210,111,227,298,2089,28.7218764959311,43.0828147438966,23.9348970799426,95.7395883197702,57.4437529918621,220.201053135472,124.461464815701,9.57395883197702,38.2958353279081,71.8046912398277,33.5088559119196,727.620871230254,531.354715174725,339.875538535184,363.810435615127,641.455241742461,1531.83341311632,1632.35998085208,1005.26567735759,531.354715174725,1086.64432742939,1426.51986596458
25025080401,4,6,3,5,6,23,26,1,4,14,1,18,26,4,22,21,54,77,59,70,71,151,3265,12.2511485451761,18.3767228177642,9.18836140888208,15.3139356814701,18.3767228177642,70.4441041347626,79.6324655436447,3.06278713629403,12.2511485451761,42.8790199081164,3.06278713629403,55.1301684532925,79.6324655436447,12.2511485451761,67.3813169984686,64.3185298621746,165.390505359877,235.83460949464,180.704441041348,214.395099540582,217.457886676876,462.480857580398
25025080500,0,0,1,3,5,70,32,1,3,1,0,41,10,40,15,134,131,206,148,143,187,165,3212,0,0,3.11332503113325,9.33997509339975,15.5666251556663,217.932752179328,99.626400996264,3.11332503113325,9.33997509339975,3.11332503113325,0,127.646326276463,31.1332503113325,124.53300124533,46.6998754669987,417.185554171856,407.845579078456,641.34495641345,460.772104607721,445.205479452055,582.191780821918,513.698630136986
25025080601,5,0,2,5,6,10,26,0,3,6,2,130,131,78,100,85,260,193,213,200,192,228,4126,12.1182743577315,0,4.84730974309258,12.1182743577315,14.5419292292778,24.2365487154629,63.0150266602036,0,7.27096461463888,14.5419292292778,4.84730974309258,315.075133301018,317.498788172564,189.045079980611,242.365487154629,206.010664081435,630.150266602036,467.765390208434,516.23848763936,484.730974309258,465.341735336888,552.593310712555
25025080801,2,3,0,0,0,24,10,0,0,0,0,12,0,3,11,88,5,8,30,30,34,9,4517,4.42771751162276,6.64157626743414,0,0,0,53.1326101394731,22.1385875581138,0,0,0,0,26.5663050697366,0,6.64157626743414,24.3524463139252,194.819570511401,11.0692937790569,17.710870046491,66.4157626743414,66.4157626743414,75.2711976975869,19.9247288023024
25025080900,10,4,11,17,16,66,1,4,1,0,0,440,434,441,552,622,1019,605,691,930,968,786,3690,27.10027100271,10.840108401084,29.810298102981,46.0704607046071,43.360433604336,178.861788617886,2.710027100271,10.840108401084,2.710027100271,0,0,1192.41192411924,1176.15176151762,1195.12195121951,1495.93495934959,1685.63685636856,2761.51761517615,1639.56639566396,1872.62872628726,2520.32520325203,2623.30623306233,2130.08130081301
25025081001,8,31,22,9,12,35,8,1,0,5,0,476,364,368,462,626,680,478,401,668,691,612,4807,16.6423965050967,64.4892864572498,45.766590389016,18.7226960682338,24.9635947576451,72.8104847097982,16.6423965050967,2.08029956313709,0,10.4014978156855,0,990.222592053256,757.229040981901,765.55023923445,961.098398169336,1302.26752652382,1414.60370293322,994.38319117953,834.200124817974,1389.64010817558,1437.48699812773,1273.1433326399
25025081100,8,10,9,9,14,51,0,1,1,5,4,451,383,263,320,408,643,654,404,494,515,457,4088,19.5694716242661,24.4618395303327,22.0156555772994,22.0156555772994,34.2465753424658,124.755381604697,0,2.44618395303327,2.44618395303327,12.2309197651663,9.78473581213307,1103.228962818,936.888454011742,643.34637964775,782.778864970646,998.043052837573,1572.89628180039,1599.80430528376,988.25831702544,1208.41487279843,1259.78473581213,1117.9060665362
25025081200,6,5,6,5,9,46,42,3,0,2,4,51,20,24,39,56,93,120,96,62,73,115,3664,16.3755458515284,13.646288209607,16.3755458515284,13.646288209607,24.5633187772926,125.545851528384,114.628820960699,8.18777292576419,0,5.45851528384279,10.9170305676856,139.192139737991,54.5851528384279,65.5021834061135,106.441048034934,152.838427947598,253.82096069869,327.510917030568,262.008733624454,169.213973799127,199.235807860262,313.864628820961
25025081300,4,2,5,9,16,89,48,10,3,0,5,260,59,139,167,142,313,570,346,257,133,240,5326,7.51032669921142,3.75516334960571,9.38790837401427,16.8982350732257,30.0413067968457,167.104769057454,90.123920390537,18.7758167480285,5.63274502440856,0,9.38790837401427,488.171235448742,110.777318813368,260.983852797597,313.556139692077,266.616597822005,587.683064213293,1070.22155463763,649.643259481787,482.538490424333,249.71836274878,450.619601952685
25025081400,5,1,11,4,5,46,21,3,6,4,3,155,123,120,132,161,175,223,295,291,230,326,2941,17.0010200612037,3.40020401224073,37.4022441346481,13.6008160489629,17.0010200612037,156.409384563074,71.4042842570554,10.2006120367222,20.4012240734444,13.6008160489629,10.2006120367222,527.031621897314,418.22509350561,408.024481468888,448.826929615777,547.432845970758,595.035702142129,758.245494729684,1003.06018361102,989.459367562054,782.046922815369,1108.46650799048
25025081500,0,0,1,3,1,26,10,1,3,0,2,276,97,65,36,100,78,186,148,196,138,165,2616,0,0,3.82262996941896,11.4678899082569,3.82262996941896,99.388379204893,38.2262996941896,3.82262996941896,11.4678899082569,0,7.64525993883792,1055.04587155963,370.795107033639,248.470948012232,137.614678899083,382.262996941896,298.165137614679,711.009174311927,565.749235474006,749.235474006116,527.522935779817,630.733944954128
25025081700,5,3,6,5,8,101,85,4,4,14,10,125,49,51,54,97,98,133,214,164,107,263,4151,12.045290291496,7.22717417489762,14.4543483497952,12.045290291496,19.2724644663936,243.31486388822,204.769934955432,9.63623223319682,9.63623223319682,33.7268128161889,24.090580582992,301.132257287401,118.043844856661,122.861960973259,130.089135148157,233.678631655023,236.087689713322,320.404721753794,515.53842447603,395.08552156107,257.769212238015,633.582269332691
25025081800,16,10,23,13,37,106,84,7,14,29,20,565,184,128,153,229,419,355,288,264,301,186,3489,45.8584121524792,28.6615075952995,65.9214674691889,37.2599598738894,106.047578102608,303.811980510175,240.756663800516,20.0630553167097,40.1261106334193,83.1183720263686,57.323015190599,1619.37517913442,527.371739753511,366.867297219834,438.521066208083,656.348523932359,1200.91716824305,1017.48351963313,825.451418744626,756.663800515907,862.711378618515,533.104041272571
25025081900,15,7,8,11,60,110,115,6,10,8,11,86,107,76,77,147,495,413,304,315,251,185,3494,42.9307384087006,20.034344590727,22.8963938179737,31.4825414997138,171.722953634803,314.825414997138,329.135661133372,17.1722953634803,28.6204922724671,22.8963938179737,31.4825414997138,246.136233543217,306.239267315398,217.51574127075,220.377790497997,420.721236405266,1416.71436748712,1182.02633085289,870.062965082999,901.545506582713,718.374356038924,529.479107040641
25025082000,11,9,7,7,40,112,81,16,8,6,14,140,77,46,118,152,425,442,367,424,243,159,3409,32.2675271340569,26.4007040187738,20.5338809034908,20.5338809034908,117.336462305661,328.542094455852,237.606336168965,46.9345849222646,23.4672924611323,17.6004693458492,41.0677618069815,410.677618069815,225.872689938398,134.936931651511,346.142563801701,445.878556761514,1246.69991199765,1296.56790847756,1076.56204165444,1243.76650044001,712.819008506894,466.412437665004
25025082100,7,18,27,10,23,125,66,15,2,17,13,202,83,173,176,171,656,481,460,678,381,335,5750,12.1739130434783,31.304347826087,46.9565217391304,17.3913043478261,40,217.391304347826,114.782608695652,26.0869565217391,3.47826086956522,29.5652173913044,22.6086956521739,351.304347826087,144.347826086957,300.869565217391,306.086956521739,297.391304347826,1140.86956521739,836.521739130435,800,1179.13043478261,662.608695652174,582.608695652174
25025090100,23,23,7,14,39,92,68,7,13,11,23,161,113,88,93,119,316,231,269,302,166,263,5148,44.6775446775447,44.6775446775447,13.5975135975136,27.1950271950272,75.7575757575758,178.710178710179,132.090132090132,13.5975135975136,25.2525252525253,21.3675213675214,44.6775446775447,312.742812742813,219.50271950272,170.940170940171,180.652680652681,231.157731157731,613.830613830614,448.717948717949,522.533022533023,586.635586635587,322.455322455322,510.878010878011
25025090200,2,1,10,6,25,23,20,3,4,5,8,274,135,78,125,217,157,301,367,434,109,114,2587,7.73096250483185,3.86548125241593,38.6548125241593,23.1928875144956,96.6370313103981,88.9060688055663,77.3096250483185,11.5964437572478,15.4619250096637,19.3274062620796,30.9238500193274,1059.14186316196,521.83996907615,301.507537688442,483.185156551991,838.809431774256,606.8805566293,1163.50985697719,1418.63161963664,1677.61886354851,421.337456513336,440.664862775416
25025090300,8,5,21,10,34,51,51,17,4,8,14,199,148,120,135,162,169,255,436,465,87,223,3469,23.0614009801095,14.4133756125685,60.5361775727875,28.8267512251369,98.0109541654655,147.016431248198,147.016431248198,49.0054770827328,11.5307004900548,23.0614009801095,40.3574517151917,573.652349380225,426.635918132027,345.921014701643,389.161141539349,466.993369847218,487.172095704814,735.082156240992,1256.84635341597,1340.44393196887,250.792735658691,642.836552320553
25025090400,11,14,10,8,34,89,10,5,11,7,6,240,163,137,176,339,372,353,457,630,592,497,4318,25.4747568318666,32.422417786012,23.1588698471515,18.5270958777212,78.740157480315,206.113941639648,23.1588698471515,11.5794349235757,25.4747568318666,16.211208893006,13.8953219082909,555.812876331635,377.489578508569,317.276516905975,407.596109309866,785.085687818435,861.509958314034,817.508105604447,1058.36035201482,1459.00880037054,1371.00509495137,1150.99583140343
25025090600,3,15,11,16,23,28,18,8,6,11,4,180,72,89,142,140,331,549,520,388,464,401,2599,11.5429011158138,57.7145055790689,42.3239707579838,61.5621392843401,88.4955752212389,107.733743747595,69.2574066948826,30.7810696421701,23.0858022316276,42.3239707579838,15.390534821085,692.574066948826,277.029626779531,342.439399769142,546.363986148519,538.668718737976,1273.56675644479,2112.35090419392,2000.76952674105,1492.88187764525,1785.30203924586,1542.90111581377
25025090700,7,4,8,6,29,59,31,5,4,5,6,339,253,193,130,117,222,231,295,296,280,424,3884,18.0226570545829,10.2986611740474,20.5973223480947,15.4479917610711,74.6652935118435,151.905252317199,79.8146240988671,12.8733264675592,10.2986611740474,12.8733264675592,15.4479917610711,872.811534500515,651.390319258496,496.910401647786,334.70648815654,301.235839340886,571.575695159629,594.747682801236,759.526261585994,762.100926879506,720.906282183316,1091.65808444902
25025090901,0,0,1,0,0,2,1,3,0,0,0,0,0,1,0,0,1,0,2,1,0,0,3789,0,0,2.63921879123779,0,0,5.27843758247559,2.63921879123779,7.91765637371338,0,0,0,0,0,2.63921879123779,0,0,2.63921879123779,0,5.27843758247559,2.63921879123779,0,0
25025091001,13,8,9,6,13,17,5,5,9,19,6,239,155,183,139,158,201,382,274,206,199,131,2967,43.8153016514998,26.9632625547691,30.3336703741153,20.2224469160768,43.8153016514998,57.2969329288844,16.8520390967307,16.8520390967307,30.3336703741153,64.0377485675767,20.2224469160768,805.527468823728,522.413211998652,616.784630940344,468.486686889114,532.52443545669,677.451971688574,1287.49578699023,923.491742500843,694.304010785305,670.711156049882,441.523424334344
25025091100,9,10,13,13,24,55,45,6,1,6,7,294,263,214,284,205,259,420,362,325,470,352,4758,18.9155107187894,21.0172341319882,27.3224043715847,27.3224043715847,50.4413619167718,115.594787725935,94.577553593947,12.6103404791929,2.10172341319882,12.6103404791929,14.7120638923918,617.906683480454,552.75325767129,449.768810424548,596.889449348466,430.853299705759,544.346364018495,882.723833543506,760.823875577974,683.060109289618,987.810004203447,739.806641445986
25025091200,29,5,15,5,35,49,29,7,2,1,0,267,80,149,103,114,167,159,196,538,242,319,3265,88.8208269525268,15.3139356814701,45.9418070444104,15.3139356814701,107.197549770291,150.076569678407,88.8208269525268,21.4395099540582,6.12557427258805,3.06278713629403,0,817.764165390505,245.022970903522,456.35528330781,315.467075038285,349.157733537519,511.485451761103,486.98315467075,600.306278713629,1647.77947932619,741.194486983155,977.029096477795
25025091300,3,5,4,4,17,22,8,5,2,8,1,223,78,128,146,162,224,291,364,298,200,176,2561,11.7141741507224,19.5236235845373,15.6188988676298,15.6188988676298,66.3803201874268,85.9039437719641,31.2377977352597,19.5236235845373,7.80944943381492,31.2377977352597,3.90472471690746,870.753611870363,304.568527918782,499.804763764155,570.089808668489,632.565404139008,874.658336587271,1136.27489262007,1421.31979695431,1163.60796563842,780.944943381492,687.231550175713
25025091400,5,10,18,6,13,11,6,7,2,4,0,134,77,42,52,60,191,320,201,457,416,222,3165,15.7977883096367,31.5955766192733,56.8720379146919,18.957345971564,41.0742496050553,34.7551342812006,18.957345971564,22.1169036334913,6.31911532385466,12.6382306477093,0,423.380726698262,243.285939968404,132.701421800948,164.296998420221,189.57345971564,603.47551342812,1011.05845181675,635.071090047393,1443.91785150079,1314.37598736177,701.421800947867
25025091500,16,8,14,12,36,75,61,6,8,3,4,322,184,207,340,486,525,572,543,551,430,339,5048,31.6957210776545,15.8478605388273,27.7337559429477,23.7717908082409,71.3153724247227,148.573692551506,120.839936608558,11.8858954041204,15.8478605388273,5.94294770206022,7.92393026941363,637.876386687797,364.500792393027,410.063391442155,673.534072900158,962.757527733756,1040.01584786054,1133.12202852615,1075.6735340729,1091.52139461173,851.822503961965,671.553090332805
25025091600,5,9,21,26,57,65,18,9,10,13,2,460,307,247,464,254,292,383,392,532,225,314,3106,16.0978750804894,28.9761751448809,67.6110753380554,83.7089504185447,183.515775917579,209.272376046362,57.9523502897617,28.9761751448809,32.1957501609787,41.8544752092724,6.43915003219575,1481.00450740502,988.409529942048,795.235028976175,1493.88280746941,817.77205408886,940.11590470058,1233.09723116549,1262.07340631037,1712.81390856407,724.404378622022,1010.94655505473
25025091700,12,7,4,14,67,49,11,10,6,8,6,322,162,342,266,291,428,321,548,516,221,405,3214,37.3366521468575,21.7797137523335,12.4455507156192,43.5594275046671,208.462974486621,152.457996266335,34.2252644679527,31.1138767890479,18.6683260734287,24.8911014312383,18.6683260734287,1001.86683260734,504.044803982576,1064.09458618544,827.629122588674,905.413814561294,1331.67392657125,998.755444928438,1705.04044803983,1605.47604231487,687.616677037959,1260.11200995644
25025091800,17,25,27,10,37,45,20,11,7,16,5,341,252,221,96,187,262,272,403,489,458,292,3528,48.1859410430839,70.8616780045352,76.530612244898,28.3446712018141,104.875283446712,127.551020408163,56.6893424036281,31.1791383219955,19.8412698412698,45.3514739229025,14.172335600907,966.55328798186,714.285714285714,626.417233560091,272.108843537415,530.045351473923,742.630385487528,770.975056689342,1142.29024943311,1386.05442176871,1298.18594104308,827.66439909297
25025091900,18,10,13,8,13,53,27,4,9,23,15,183,214,141,96,205,240,198,194,233,309,319,4194,42.9184549356223,23.8435860753457,30.9966618979495,19.0748688602766,30.9966618979495,126.371006199332,64.3776824034335,9.53743443013829,21.4592274678112,54.8402479732952,35.7653791130186,436.337625178827,510.252742012399,336.194563662375,228.898426323319,488.793514544587,572.246065808298,472.103004291846,462.565569861707,555.555555555556,736.766809728183,760.610395803529
25025092000,24,15,30,23,32,36,30,9,15,9,7,383,172,325,179,141,292,306,543,642,175,334,5347,44.8849822330279,28.0531138956424,56.1062277912848,43.014774639985,59.8466429773705,67.3274733495418,56.1062277912848,16.8318683373854,28.0531138956424,16.8318683373854,13.0914531512998,716.289508135403,321.675706003366,607.817467738919,334.767159154666,263.699270619039,546.100617168506,572.283523471105,1015.52272302226,1200.6732747335,327.286328782495,624.649336076305
25025092101,15,16,14,17,37,76,34,13,12,10,3,549,559,423,345,406,657,695,670,641,505,498,7178,20.8971858456395,22.2903315686821,19.5040401225968,23.6834772917247,51.5463917525773,105.87907495124,47.3669545834494,18.1108943995542,16.7177486765116,13.9314572304263,4.17943716912789,764.837001950404,778.76845918083,589.300640847033,480.635274449707,565.617163555308,915.296740039008,968.236277514628,933.407634438562,893.006408470326,703.538590136528,693.78657007523
25025092200,7,10,9,15,33,54,14,9,6,3,5,116,72,40,107,35,137,117,243,237,110,220,3107,22.5297714837464,32.1853878339234,28.9668490505311,48.2780817508851,106.211779851947,173.801094303186,45.0595429674928,28.9668490505311,19.311232700354,9.65561635017702,16.0926939169617,373.350498873511,231.734792404248,128.741551335694,344.38364982298,112.648857418732,440.939813324751,376.569037656904,782.104924364339,762.793691663985,354.039266173157,708.078532346315
25025092300,10,5,10,8,13,71,16,2,3,1,6,374,130,131,241,219,299,240,523,491,813,254,3392,29.4811320754717,14.7405660377358,29.4811320754717,23.5849056603774,38.3254716981132,209.316037735849,47.1698113207547,5.89622641509434,8.84433962264151,2.94811320754717,17.688679245283,1102.59433962264,383.254716981132,386.202830188679,710.495283018868,645.63679245283,881.485849056604,707.547169811321,1541.86320754717,1447.52358490566,2396.81603773585,748.820754716981
25025092400,6,7,9,7,41,121,48,8,4,19,24,389,205,173,169,186,315,603,494,500,293,506,6549,9.16170407695831,10.6886547564514,13.7425561154375,10.6886547564514,62.6049778592151,184.761032218659,73.2936326156665,12.2156054359444,6.10780271797221,29.012062910368,36.6468163078333,593.983814322797,313.024889296076,264.162467552298,258.054664834326,284.012826385708,480.989464040312,920.751259734311,754.313635669568,763.475339746526,447.396549091464,772.637043823484
25025100100,8,24,7,16,35,76,42,3,0,3,6,233,141,209,200,245,327,377,313,577,403,436,7140,11.2044817927171,33.6134453781513,9.80392156862745,22.4089635854342,49.0196078431373,106.442577030812,58.8235294117647,4.20168067226891,0,4.20168067226891,8.40336134453782,326.330532212885,197.478991596639,292.717086834734,280.112044817927,343.137254901961,457.983193277311,528.011204481793,438.375350140056,808.12324929972,564.425770308123,610.644257703081
25025100200,3,1,5,6,9,29,20,4,4,5,12,135,146,347,98,93,157,354,252,269,363,168,3440,8.72093023255814,2.90697674418605,14.5348837209302,17.4418604651163,26.1627906976744,84.3023255813954,58.1395348837209,11.6279069767442,11.6279069767442,14.5348837209302,34.8837209302326,392.441860465116,424.418604651163,1008.72093023256,284.883720930233,270.348837209302,456.395348837209,1029.06976744186,732.558139534884,781.976744186046,1055.23255813953,488.372093023256
25025100300,11,24,17,4,60,30,27,5,7,4,6,204,148,203,74,58,246,255,602,568,492,211,4106,26.7900633219678,58.4510472479299,41.4028251339503,9.74184120798831,146.127618119825,73.0638090599123,65.7574281539211,12.1773015099854,17.0482221139795,9.74184120798831,14.6127618119825,496.833901607404,360.448124695567,494.398441305407,180.224062347784,141.25669751583,599.123234291281,621.042377009255,1466.14710180224,1383.34145153434,1198.24646858256,513.882123721383
25025100400,12,10,11,10,17,64,22,4,5,2,13,219,191,136,169,168,272,472,818,582,565,367,5703,21.0415570752236,17.5346308960196,19.2880939856216,17.5346308960196,29.8088725232334,112.221637734526,38.5761879712432,7.01385235840786,8.76731544800982,3.50692617920393,22.7950201648255,384.00841662283,334.911450113975,238.470980185867,296.335262142732,294.58179905313,476.941960371734,827.634578292127,1434.33280729441,1020.51551814834,990.70664562511,643.520953883921
25025100500,24,10,18,13,22,81,26,4,6,3,5,159,251,159,121,178,255,463,502,568,554,426,6909,34.7372991749891,14.4738746562455,26.0529743812419,18.8160370531191,31.84252424374,117.238384715588,37.6320741062382,5.78954986249819,8.68432479374729,4.34216239687364,7.23693732812274,230.134607034303,363.294253871761,230.134607034303,175.13388334057,257.634968881169,369.08380373426,670.140396584166,726.588507743523,822.116080474743,801.852655955999,616.587060356057
25025100601,10,8,12,16,10,52,10,3,3,6,5,223,258,160,147,300,490,471,531,660,406,279,5978,16.7280026764804,13.3824021411843,20.0736032117765,26.7648042823687,16.7280026764804,86.9856139176982,16.7280026764804,5.01840080294413,5.01840080294413,10.0368016058883,8.36400133824021,373.034459685514,431.582469053195,267.648042823687,245.901639344262,501.840080294413,819.672131147541,787.888926062228,888.256942121111,1104.04817664771,679.156908665105,466.711274673804
25025100603,13,4,7,7,12,23,9,7,3,2,1,100,106,72,46,70,132,106,99,87,51,39,1973,65.8895083628991,20.273694880892,35.4789660415611,35.4789660415611,60.8210846426761,116.573745565129,45.6158134820071,35.4789660415611,15.205271160669,10.136847440446,5.06842372022301,506.842372022301,537.252914343639,364.926507856057,233.147491130258,354.789660415611,669.031931069437,537.252914343639,501.773948302078,440.952863659402,258.489609731374,197.668525088697
25025100700,18,4,13,10,10,24,20,11,1,3,1,60,40,25,48,72,115,111,90,99,74,157,4389,41.0116199589884,9.11369332421964,29.6195033037138,22.7842333105491,22.7842333105491,54.6821599453178,45.5684666210982,25.062656641604,2.27842333105491,6.83526999316473,2.27842333105491,136.705399863295,91.1369332421964,56.9605832763728,109.364319890636,164.046479835954,262.018683071315,252.904989747095,205.058099794942,225.563909774436,168.603326498063,357.712462975621
25025100800,10,11,5,6,18,59,10,7,11,5,1,163,93,53,60,124,193,170,167,140,167,96,6572,15.2160681679854,16.7376749847839,7.6080340839927,9.12964090079124,27.3889227023737,89.7748021911138,15.2160681679854,10.6512477175898,16.7376749847839,7.6080340839927,1.52160681679854,248.021911138162,141.509433962264,80.6451612903226,91.2964090079124,188.679245283019,293.670115642118,258.673158855752,254.108338405356,213.024954351795,254.108338405356,146.07425441266
25025100900,6,13,20,5,13,29,4,7,0,15,8,98,148,126,118,135,378,304,259,280,218,251,4556,13.1694468832309,28.5338015803336,43.8981562774363,10.9745390693591,28.5338015803336,63.6523266022827,8.77963125548727,15.3643546971027,0,32.9236172080773,17.5592625109745,215.100965759438,324.846356453029,276.558384547849,258.999122036874,296.312554872695,829.675153643547,667.251975417033,568.481123792801,614.574187884109,478.489903424056,550.921861281826
25025101001,15,10,8,4,19,65,41,15,6,14,5,488,127,202,219,130,476,713,620,374,285,287,5978,25.0920040147206,16.7280026764804,13.3824021411843,6.69120107059217,31.7832050853128,108.732017397123,68.5848109735698,25.0920040147206,10.0368016058883,23.4192037470726,8.36400133824021,816.326530612245,212.445633991301,337.905654064905,366.343258614921,217.464034794246,796.252927400468,1192.70659083305,1037.13616594179,625.627300100368,476.748076279692,480.093676814988
25025101002,11,4,8,9,18,71,19,5,11,8,7,179,128,128,160,194,465,361,207,403,286,161,6179,17.8022333710956,6.47353940767114,12.9470788153423,14.5654636672601,29.1309273345201,114.905324486163,30.7493121864379,8.09192425958893,17.8022333710956,12.9470788153423,11.3286939634245,289.690888493284,207.153261045477,207.153261045477,258.941576306846,313.96666127205,752.54895614177,584.236931542321,335.005664346982,652.209095322868,462.858067648487,260.559961158764
25025101101,12,9,8,11,21,26,21,4,2,6,13,254,170,206,172,184,220,145,138,148,141,241,3850,31.1688311688312,23.3766233766234,20.7792207792208,28.5714285714286,54.5454545454545,67.5324675324675,54.5454545454545,10.3896103896104,5.19480519480519,15.5844155844156,33.7662337662338,659.74025974026,441.558441558442,535.064935064935,446.753246753247,477.922077922078,571.428571428571,376.623376623377,358.441558441558,384.415584415584,366.233766233766,625.974025974026
25025101102,19,32,18,19,59,90,50,6,16,5,6,686,324,320,289,561,1593,1284,984,896,617,793,5137,36.9865680358186,62.2931672182208,35.0399065602492,36.9865680358186,114.853027058595,175.199532801246,97.3330737784699,11.6799688534164,31.1465836091104,9.73330737784699,11.6799688534164,1335.40977224061,630.718318084485,622.931672182208,562.585166439556,1092.07708779443,3101.03173058205,2499.51333463111,1915.51489196029,1744.20868211018,1201.09013042632,1543.70255012653
25025110103,6,10,6,7,5,28,67,2,4,5,2,256,134,247,219,204,289,328,255,322,200,308,6667,8.99955002249887,14.9992500374981,8.99955002249887,10.4994750262487,7.49962501874906,41.9979001049947,100.494975251237,2.99985000749962,5.99970001499925,7.49962501874906,2.99985000749962,383.980800959952,200.989950502475,370.481475926204,328.483575821209,305.984700764962,433.478326083696,491.975401229938,382.480875956202,482.97585120744,299.985000749963,461.976901154942
25025110201,6,4,0,7,17,6,17,2,1,3,6,177,37,66,151,147,246,139,59,118,75,73,2528,23.7341772151899,15.8227848101266,0,27.6898734177215,67.246835443038,23.7341772151899,67.246835443038,7.91139240506329,3.95569620253165,11.8670886075949,23.7341772151899,700.158227848101,146.360759493671,261.075949367089,597.310126582278,581.487341772152,973.101265822785,549.841772151899,233.386075949367,466.772151898734,296.677215189873,288.76582278481
25025110301,15,6,7,7,7,6,6,5,6,0,2,195,57,53,95,81,196,145,77,161,155,197,2720,55.1470588235294,22.0588235294118,25.7352941176471,25.7352941176471,25.7352941176471,22.0588235294118,22.0588235294118,18.3823529411765,22.0588235294118,0,7.35294117647059,716.911764705882,209.558823529412,194.852941176471,349.264705882353,297.794117647059,720.588235294118,533.088235294118,283.088235294118,591.911764705882,569.852941176471,724.264705882353
25025110401,0,2,3,9,17,25,20,1,0,2,2,232,84,186,176,137,272,269,163,190,140,150,3550,0,5.63380281690141,8.45070422535211,25.3521126760563,47.887323943662,70.4225352112676,56.3380281690141,2.8169014084507,0,5.63380281690141,5.63380281690141,653.521126760563,236.619718309859,523.943661971831,495.774647887324,385.915492957746,766.197183098592,757.746478873239,459.154929577465,535.211267605634,394.366197183099,422.535211267606
25025110403,3,14,6,1,6,28,5,5,7,3,0,125,56,43,81,43,234,268,143,147,101,199,4532,6.61959399823478,30.891438658429,13.2391879964696,2.20653133274492,13.2391879964696,61.7828773168579,11.0326566637246,11.0326566637246,15.4457193292145,6.61959399823478,0,275.816416593116,123.565754633716,94.8808473080318,178.729037952339,94.8808473080318,516.328331862312,591.35039717564,315.533980582524,324.360105913504,222.859664607237,439.09973521624
25025110501,2,3,7,2,12,9,3,9,5,4,7,39,40,47,60,69,136,79,111,108,98,105,3738,5.35045478865704,8.02568218298555,18.7265917602996,5.35045478865704,32.1027287319422,24.0770465489567,8.02568218298555,24.0770465489567,13.3761369716426,10.7009095773141,18.7265917602996,104.333868378812,107.009095773141,125.73568753344,160.513643659711,184.590690208668,363.830925628678,211.342964151953,296.950240770465,288.92455858748,262.172284644195,280.898876404494
25025110502,3,5,6,3,20,32,5,5,7,1,4,100,97,88,158,153,245,253,270,212,191,193,4909,6.11122428193115,10.1853738032186,12.2224485638623,6.11122428193115,40.7414952128743,65.1863923405989,10.1853738032186,10.1853738032186,14.259523324506,2.03707476064372,8.14829904257486,203.707476064372,197.59625178244,179.262578936647,321.857812181707,311.672438378488,499.08331635771,515.37991444286,550.010185373803,431.859849256468,389.08127928295,393.155428804237
25025110601,5,1,4,1,5,2,1,4,0,0,0,7,26,13,18,18,73,47,37,46,22,38,2970,16.8350168350168,3.36700336700337,13.4680134680135,3.36700336700337,16.8350168350168,6.73400673400673,3.36700336700337,13.4680134680135,0,0,0,23.5690235690236,87.5420875420875,43.7710437710438,60.6060606060606,60.6060606060606,245.791245791246,158.249158249158,124.579124579125,154.882154882155,74.0740740740741,127.946127946128
25025110607,5,6,10,13,18,16,12,9,5,2,1,28,20,37,51,55,224,169,118,109,120,138,5420,9.22509225092251,11.070110701107,18.450184501845,23.9852398523985,33.210332103321,29.520295202952,22.140221402214,16.6051660516605,9.22509225092251,3.690036900369,1.8450184501845,51.6605166051661,36.90036900369,68.2656826568266,94.0959409594096,101.476014760148,413.284132841328,311.808118081181,217.712177121771,201.107011070111,221.40221402214,254.612546125461
25025120103,0,0,1,2,0,3,0,0,0,0,1,5,7,11,18,21,15,22,20,28,20,16,1669,0,0,5.99161174355902,11.983223487118,0,17.9748352306771,0,0,0,0,5.99161174355902,29.9580587177951,41.9412822049131,65.9077291791492,107.849011384062,125.823846614739,89.8741761533853,131.815458358298,119.83223487118,167.765128819652,119.83223487118,95.8657878969443
25025120104,2,0,1,1,2,3,2,0,1,3,2,11,18,10,27,21,59,42,34,50,43,27,2210,9.04977375565611,0,4.52488687782805,4.52488687782805,9.04977375565611,13.5746606334842,9.04977375565611,0,4.52488687782805,13.5746606334842,9.04977375565611,49.7737556561086,81.447963800905,45.2488687782805,122.171945701357,95.0226244343891,266.968325791855,190.045248868778,153.846153846154,226.244343891403,194.570135746606,122.171945701357
25025120105,3,0,0,0,2,3,0,1,0,1,0,6,8,3,12,16,55,25,26,54,39,23,2726,11.0051357300073,0,0,0,7.33675715333823,11.0051357300073,0,3.66837857666911,0,3.66837857666911,0,22.0102714600147,29.3470286133529,11.0051357300073,44.0205429200293,58.6940572267058,201.760821716801,91.7094644167278,95.3778429933969,198.092443140132,143.066764490095,84.3727072633896
25025120201,6,1,4,2,3,17,9,1,2,1,2,41,25,132,148,145,391,313,289,276,153,169,3919,15.3100280683848,2.5516713447308,10.2066853789232,5.1033426894616,7.6550140341924,43.3784128604236,22.9650421025772,2.5516713447308,5.1033426894616,2.5516713447308,5.1033426894616,104.618525133963,63.79178361827,336.820617504465,377.647359020158,369.992344985966,997.703495789742,798.67313090074,737.433018627201,704.2612911457,390.405715743812,431.232457259505
25025120301,7,5,12,6,18,25,22,4,2,2,2,188,122,274,219,324,590,629,453,450,289,291,5570,12.5673249551167,8.97666068222621,21.5439856373429,10.7719928186715,32.3159784560144,44.8833034111311,39.4973070017953,7.18132854578097,3.59066427289049,3.59066427289049,3.59066427289049,337.522441651706,219.03052064632,491.921005385996,393.177737881508,581.687612208259,1059.24596050269,1129.26391382406,813.285457809695,807.899461400359,518.850987432675,522.441651705566
25025120400,1,2,1,10,16,23,35,4,4,4,4,85,54,44,168,126,141,222,186,209,144,120,6519,1.53397760392698,3.06795520785397,1.53397760392698,15.3397760392698,24.5436416628317,35.2814848903206,53.6892161374444,6.13591041570793,6.13591041570793,6.13591041570793,6.13591041570793,130.388096333794,82.8347906120571,67.4950145727872,257.708237459733,193.2811780948,216.290842153705,340.54302807179,285.319834330419,320.601319220739,220.892774965486,184.077312471238
25025120500,7,3,5,1,23,10,2,0,1,0,0,102,53,25,175,154,231,174,171,177,140,156,2817,24.8491302804402,10.6496272630458,17.749378771743,3.5498757543486,81.6471423500177,35.498757543486,7.0997515086972,0,3.5498757543486,0,0,362.087326943557,188.143414980476,88.7468938587149,621.228257011005,546.680866169684,820.021299254526,617.678381256656,607.02875399361,628.328008519702,496.982605608804,553.780617678381
25025120600,1,6,1,9,4,17,7,0,0,2,1,63,62,67,103,111,206,210,230,170,184,129,2447,4.08663669799755,24.5198201879853,4.08663669799755,36.7797302819779,16.3465467919902,69.4728238659583,28.6064568859828,0,0,8.1732733959951,4.08663669799755,257.458111973846,253.371475275848,273.804658765836,420.923579893747,453.616673477728,841.847159787495,858.193706579485,939.926440539436,694.728238659583,751.941152431549,527.176134041684
25025120700,5,3,1,1,3,7,0,1,1,1,0,4,16,19,36,27,42,45,35,51,49,57,2332,21.4408233276158,12.8644939965695,4.28816466552316,4.28816466552316,12.8644939965695,30.0171526586621,0,4.28816466552316,4.28816466552316,4.28816466552316,0,17.1526586620926,68.6106346483705,81.47512864494,154.373927958834,115.780445969125,180.102915951973,192.967409948542,150.08576329331,218.696397941681,210.120068610635,244.42538593482
25025130100,0,7,5,6,5,6,0,7,7,5,4,25,20,42,47,28,117,93,62,56,74,42,6764,0,10.3489059727972,7.39207569485512,8.87049083382614,7.39207569485512,8.87049083382614,0,10.3489059727972,10.3489059727972,7.39207569485512,5.91366055588409,36.9603784742756,29.5683027794205,62.093435836783,69.4855115316381,41.3956238911886,172.97457125961,137.492607924305,91.6617386162034,82.7912477823773,109.402720283856,62.093435836783
25025130200,3,8,7,7,2,6,2,11,6,3,1,16,34,18,130,63,125,109,86,82,69,54,5299,5.66144555576524,15.0971881487073,13.2100396301189,13.2100396301189,3.77429703717683,11.3228911115305,3.77429703717683,20.7586337044725,11.3228911115305,5.66144555576524,1.88714851858841,30.1943762974146,64.163049632006,33.9686733345914,245.329307416494,118.89035667107,235.893564823552,205.699188526137,162.294772598604,154.74617852425,130.2132477826,101.906020003774
25025130300,6,8,5,5,11,8,13,6,7,1,2,25,31,22,43,32,120,48,85,85,71,95,4519,13.2772737331268,17.7030316441691,11.0643947776057,11.0643947776057,24.3416685107325,17.7030316441691,28.7674264217747,13.2772737331268,15.4901526886479,2.21287895552113,4.42575791104227,55.3219738880283,68.5992476211551,48.6833370214649,95.1537950874087,70.8121265766763,265.545474662536,106.218189865014,188.094711219296,188.094711219296,157.114405842,210.223500774508
25025130402,5,11,7,5,10,24,11,13,10,7,8,64,49,57,84,228,241,159,154,208,150,184,4934,10.1337657073368,22.2942845561411,14.1872719902716,10.1337657073368,20.2675314146737,48.6420753952169,22.2942845561411,26.3477908390758,20.2675314146737,14.1872719902716,16.214025131739,129.712201053912,99.3109039319011,115.52492906364,170.247263883259,462.09971625456,488.447507093636,322.253749493312,312.119983785975,421.564653425213,304.012971220105,372.922578029996
25025130404,1,2,3,1,6,12,13,5,4,1,1,21,28,22,78,226,45,54,52,79,87,85,3439,2.90782204129107,5.81564408258215,8.72346612387322,2.90782204129107,17.4469322477464,34.8938644954929,37.8016865367839,14.5391102064554,11.6312881651643,2.90782204129107,2.90782204129107,61.0642628671125,81.41901715615,63.9720849084036,226.810119220704,657.167781331783,130.851991858098,157.022390229718,151.206746147136,229.717941261995,252.980517592323,247.164873509741
25025130406,1,2,1,1,7,7,2,2,3,1,0,14,18,5,12,12,38,58,40,36,30,71,6345,1.57604412923562,3.15208825847124,1.57604412923562,1.57604412923562,11.0323089046493,11.0323089046493,3.15208825847124,3.15208825847124,4.72813238770686,1.57604412923562,0,22.0646178092987,28.3687943262411,7.88022064617809,18.9125295508274,18.9125295508274,59.8896769109535,91.4105594956659,63.0417651694247,56.7375886524823,47.2813238770686,111.899133175729
25025140102,21,18,14,12,15,41,17,4,6,3,6,137,172,198,213,308,317,366,220,242,329,168,5561,37.7629922675778,32.3682790864952,25.1753281783852,21.5788527243302,26.9735659054127,73.727746808128,30.5700413594677,7.19295090811005,10.7894263621651,5.39471318108254,10.7894263621651,246.358568602769,309.296889048732,356.051069951448,383.02463585686,553.857219924474,570.041359467722,658.15500809207,395.612299946053,435.173529940658,591.620212192052,302.103938140622
25025140105,8,8,5,1,7,17,10,3,1,1,3,245,189,203,359,202,406,325,210,231,132,191,4063,19.6898843219296,19.6898843219296,12.306177701206,2.4612355402412,17.2286487816884,41.8410041841004,24.612355402412,7.3837066207236,2.4612355402412,2.4612355402412,7.3837066207236,603.002707359094,465.173517105587,499.630814668964,883.583558946591,497.169579128723,999.261629337928,799.90155057839,516.859463450652,568.545409795717,324.883091311839,470.095988186069
25025140106,0,2,2,1,1,3,10,1,0,0,0,11,12,13,22,20,48,34,44,33,23,11,2185,0,9.1533180778032,9.1533180778032,4.5766590389016,4.5766590389016,13.7299771167048,45.766590389016,4.5766590389016,0,0,0,50.3432494279176,54.9199084668192,59.4965675057208,100.686498855835,91.533180778032,219.679633867277,155.606407322654,201.37299771167,151.029748283753,105.263157894737,50.3432494279176
25025140107,9,7,3,12,6,27,11,8,6,3,3,46,53,47,54,53,135,60,109,117,140,136,2754,32.6797385620915,25.4175744371823,10.8932461873638,43.5729847494553,21.7864923747277,98.0392156862745,39.9419026870007,29.0486564996369,21.7864923747277,10.8932461873638,10.8932461873638,167.029774872912,192.447349310094,170.660856935367,196.078431372549,192.447349310094,490.196078431373,217.864923747277,395.787944807553,424.83660130719,508.351488743646,493.827160493827
25025140201,1,2,2,0,7,6,3,4,4,0,4,45,23,16,40,97,319,65,108,120,125,85,2475,4.04040404040404,8.08080808080808,8.08080808080808,0,28.2828282828283,24.2424242424242,12.1212121212121,16.1616161616162,16.1616161616162,0,16.1616161616162,181.818181818182,92.9292929292929,64.6464646464647,161.616161616162,391.919191919192,1288.88888888889,262.626262626263,436.363636363636,484.848484848485,505.050505050505,343.434343434343
25025140202,6,11,11,6,12,18,7,11,8,4,3,80,26,27,54,60,121,73,104,108,98,127,6784,8.84433962264151,16.2146226415094,16.2146226415094,8.84433962264151,17.688679245283,26.5330188679245,10.3183962264151,16.2146226415094,11.7924528301887,5.89622641509434,4.42216981132075,117.924528301887,38.3254716981132,39.7995283018868,79.5990566037736,88.4433962264151,178.360849056604,107.606132075472,153.301886792453,159.198113207547,144.457547169811,187.205188679245
25025140300,32,43,13,18,19,78,23,23,14,11,16,300,207,503,509,429,831,736,820,480,479,422,7519,42.5588509110254,57.1884559116904,17.2895331826041,23.9393536374518,25.2693177284213,103.737199095624,30.5891740922995,30.5891740922995,18.6194972735736,14.629605000665,21.2794254555127,398.989227290863,275.302566830696,668.971937757681,676.951722303498,570.554595025934,1105.20015959569,978.853570953584,1090.57055459503,638.382763665381,637.052799574411,561.244846389147
25025140400,27,13,27,10,20,66,33,9,6,5,15,287,162,288,351,335,592,555,679,473,266,636,8961,30.1305657850686,14.5073094520701,30.1305657850686,11.1594688092847,22.3189376185694,73.6524941412789,36.8262470706394,10.0435219283562,6.69568128557081,5.57973440464234,16.739203213927,320.27675482647,180.783394710412,321.392701707399,391.697355205892,373.842205111037,660.640553509653,619.3505189153,757.72793215043,527.842874679165,296.841870326972,709.742216270506
25025980300,0,0,0,0,0,0,0,0,0,0,0,0,0,0,0,0,0,1,2,4,2,5,380,0,0,0,0,0,0,0,0,0,0,0,0,0,0,0,0,0,26.3157894736842,52.6315789473684,105.263157894737,52.6315789473684,131.578947368421
25025980700,0,0,0,0,0,0,0,0,0,0,0,0,0,0,0,1,0,6,5,4,2,0,0,NA,NA,NA,NA,NA,NA,NA,NA,NA,NA,NA,NA,NA,NA,NA,NA,NA,NA,NA,NA,NA,NA
25025981000,0,0,0,0,0,0,0,0,0,0,0,0,0,0,0,2,0,0,4,2,0,0,0,NA,NA,NA,NA,NA,NA,NA,NA,NA,NA,NA,NA,NA,NA,NA,NA,NA,NA,NA,NA,NA,NA
25025981100,0,0,0,1,1,3,2,0,0,0,0,0,0,0,1,6,3,0,1,2,6,8,470,0,0,0,21.2765957446809,21.2765957446809,63.8297872340425,42.5531914893617,0,0,0,0,0,0,0,21.2765957446809,127.659574468085,63.8297872340425,0,21.2765957446809,42.5531914893617,127.659574468085,170.212765957447
25025981201,0,0,0,0,0,0,0,0,0,0,0,0,0,0,0,0,0,0,0,0,1,0,0,NA,NA,NA,NA,NA,NA,NA,NA,NA,NA,NA,NA,NA,NA,NA,NA,NA,NA,NA,NA,NA,NA
25025981202,0,1,0,0,1,2,1,0,0,0,0,2,12,2,7,2,20,7,9,17,24,25,215,0,46.5116279069767,0,0,46.5116279069767,93.0232558139535,46.5116279069767,0,0,0,0,93.0232558139535,558.139534883721,93.0232558139535,325.581395348837,93.0232558139535,930.232558139535,325.581395348837,418.604651162791,790.697674418605,1116.27906976744,1162.79069767442
25025981300,0,0,0,0,12,2,0,0,0,0,0,27,7,25,47,16,22,49,9,10,8,18,400,0,0,0,0,300,50,0,0,0,0,0,675,175,625,1175,400,550,1225,225,250,200,450
25025981501,0,0,0,0,0,0,0,0,0,0,0,0,0,0,0,0,0,0,1,1,0,0,0,NA,NA,NA,NA,NA,NA,NA,NA,NA,NA,NA,NA,NA,NA,NA,NA,NA,NA,NA,NA,NA,NA
25025981502,0,0,0,0,0,0,0,0,0,0,0,1,0,0,0,0,0,6,0,1,0,12,0,NA,NA,NA,NA,NA,NA,NA,NA,NA,NA,NA,NA,NA,NA,NA,NA,NA,NA,NA,NA,NA,NA
25025981600,0,0,0,0,0,0,0,0,0,0,0,0,1,0,1,0,1,1,2,1,0,1,0,NA,NA,NA,NA,NA,NA,NA,NA,NA,NA,NA,NA,NA,NA,NA,NA,NA,NA,NA,NA,NA,NA
25025981800,0,0,0,0,0,0,0,0,0,0,0,0,0,0,0,0,0,0,0,5,1,5,26,0,0,0,0,0,0,0,0,0,0,0,0,0,0,0,0,0,0,0,1923.07692307692,384.615384615385,1923.07692307692
